{"cameraMode":{"drawMode":0,"name":"Shaded","section":"Shading Mode"},"sceneLighting":true,"audioPlay":false,"sceneViewState":{"showFog":true,"showMaterialUpdate":false,"showSkybox":true,"showFlares":true,"showImageEffects":true,"showParticleSystems":true},"in2DMode":false,"pivot":{"x":0.7138451933860779,"y":-1.301200270652771,"z":29.678123474121095},"rotation":{"x":0.14259712398052216,"y":0.8572927713394165,"z":-0.3422242999076843,"w":0.3572152256965637},"size":10.0,"orthographic":false}